City_ID,City,Country,Lat,Lng,Max Temp,Humidity,Cloudiness,Wind Speed,Current Description
0,New Norfolk,AU,-42.7826,147.0587,45.91,76,96,2.82,overcast clouds
1,Mataura,NZ,-46.1927,168.8643,52.48,69,90,3.76,overcast clouds
2,Vao,NC,-22.6667,167.4833,73.31,79,99,22.19,overcast clouds
3,Cape Town,ZA,-33.9258,18.4232,62.38,86,0,5.75,clear sky
4,Geraldton,AU,-28.7667,114.6,57.61,82,0,13.8,clear sky
5,Casimiro De Abreu,BR,-22.4806,-42.2042,71.51,74,64,5.37,broken clouds
6,Butaritari,KI,3.0707,172.7902,80.65,77,61,8.03,light rain
7,Port Alfred,ZA,-33.5906,26.891,60.87,82,13,6.6,few clouds
8,Mar Del Plata,AR,-38.0023,-57.5575,51.1,80,75,2.3,broken clouds
9,Kahului,US,20.8947,-156.47,82.42,63,75,16.11,broken clouds
10,Rikitea,PF,-23.1203,-134.9692,76.86,74,12,13.33,few clouds
11,Talaya,RU,61.3833,152.75,42.6,68,96,5.61,overcast clouds
12,Kodiak,US,57.79,-152.4072,63.91,45,0,4.61,clear sky
13,Upernavik,GL,72.7868,-56.1549,28.02,96,100,5.39,light snow
14,Vaitape,PF,-16.5167,-151.75,81.37,62,2,15.88,clear sky
15,Hasaki,JP,35.7333,140.8333,72.28,64,1,3.24,clear sky
16,Ponta Do Sol,PT,32.6667,-17.1,66.83,72,75,8.14,broken clouds
17,Hofn,IS,64.2539,-15.2082,47.19,83,71,11.41,broken clouds
18,Busselton,AU,-33.65,115.3333,55.24,73,33,5.17,scattered clouds
19,Adrar,MR,20.5022,-10.0711,84.56,42,93,11.39,overcast clouds
20,Lubao,PH,14.9167,120.55,82.11,69,87,2.59,overcast clouds
21,Taoudenni,ML,22.6783,-3.9836,96.35,13,58,2.57,broken clouds
22,Jamestown,US,42.097,-79.2353,67.59,91,100,5.75,moderate rain
23,Nanortalik,GL,60.1432,-45.2371,39.02,79,100,5.61,overcast clouds
24,Port Elizabeth,ZA,-33.918,25.5701,53.89,94,0,3.44,clear sky
25,Matay,EG,28.419,30.7792,77.58,35,0,12.91,clear sky
26,Lander,US,42.833,-108.7307,79.2,23,75,0.0,broken clouds
27,Leesburg,US,39.1157,-77.5636,73.24,86,100,1.01,overcast clouds
28,Atuona,PF,-9.8,-139.0333,78.46,75,31,18.75,scattered clouds
29,Albany,US,42.6001,-73.9662,71.51,88,100,7.61,overcast clouds
30,College,US,64.8569,-147.8028,70.59,26,20,8.05,few clouds
31,Hobart,AU,-42.8794,147.3294,46.26,90,0,11.5,clear sky
32,Taksimo,RU,56.3444,114.8794,41.9,62,100,7.18,light rain
33,Kapaa,US,22.0752,-159.319,81.12,65,100,10.36,overcast clouds
34,Kruisfontein,ZA,-34.0033,24.7314,54.45,83,21,4.85,few clouds
35,Avarua,CK,-21.2078,-159.775,80.65,74,75,9.22,broken clouds
36,Airai,TL,-8.9266,125.4092,65.37,69,14,3.18,few clouds
37,Ushuaia,AR,-54.8,-68.3,35.26,87,100,21.85,light snow
38,Port Blair,IN,11.6667,92.75,82.44,83,75,8.05,mist
39,Wajima,JP,37.4,136.9,66.88,59,20,13.8,few clouds
40,Barrow,US,71.2906,-156.7887,32.02,86,100,19.57,snow
41,Nouadhibou,MR,20.931,-17.0347,67.98,88,40,13.8,scattered clouds
42,Ostrovnoy,RU,68.0531,39.5131,43.12,87,100,14.7,overcast clouds
43,Torbay,CA,47.6666,-52.7314,42.28,71,75,10.36,broken clouds
44,Georgetown,MY,5.4112,100.3354,80.53,99,20,2.3,few clouds
45,Gavardo,IT,45.5894,10.4426,70.43,73,21,4.61,few clouds
46,Thompson,CA,55.7435,-97.8558,46.56,66,75,3.44,broken clouds
47,Nalut,LY,30.3333,10.85,73.29,25,0,12.88,clear sky
48,Aykhal,RU,66.0,111.5,37.49,61,95,6.33,overcast clouds
49,Punta Arenas,CL,-53.15,-70.9167,35.71,75,20,16.11,few clouds
50,Prainha,BR,-1.8,-53.48,73.69,96,62,2.62,broken clouds
51,Alta Floresta,BR,-9.8756,-56.0861,75.9,63,88,3.62,overcast clouds
52,Hithadhoo,MV,-0.6,73.0833,83.53,71,26,10.54,scattered clouds
53,Marfino,RU,55.7028,37.3822,44.94,84,0,2.24,clear sky
54,Coronel Oviedo,PY,-25.4167,-56.45,63.75,99,95,3.24,light rain
55,Kamaishi,JP,39.2667,141.8833,63.0,63,17,8.48,few clouds
56,Lebu,CL,-37.6167,-73.65,45.43,78,100,15.5,overcast clouds
57,Abu Zabad,SD,12.35,29.25,80.87,10,10,7.92,clear sky
58,Brae,GB,60.3964,-1.353,47.1,75,49,17.45,scattered clouds
59,Qaanaaq,GL,77.484,-69.3632,20.77,92,98,4.68,overcast clouds
60,Puerto Narino,CO,-3.7703,-70.3831,73.17,98,59,0.76,broken clouds
61,Khatanga,RU,71.9667,102.5,34.0,71,94,2.28,overcast clouds
62,Beloha,MG,-25.1667,45.05,61.02,67,0,5.84,clear sky
63,Tasiilaq,GL,65.6145,-37.6368,33.96,66,100,5.23,overcast clouds
64,Chokurdakh,RU,70.6333,147.9167,34.14,70,100,10.63,overcast clouds
65,Havre-Saint-Pierre,CA,50.2334,-63.5986,44.96,87,100,16.11,overcast clouds
66,Puerto Ayora,EC,-0.7393,-90.3518,72.55,90,58,3.0,broken clouds
67,Pilar,BR,-9.5972,-35.9567,78.73,96,62,1.97,broken clouds
68,Lagoa,PT,39.05,-27.9833,62.22,96,100,14.76,light rain
69,Bredasdorp,ZA,-34.5322,20.0403,54.09,91,50,3.2,scattered clouds
70,Hamilton,US,39.1834,-84.5333,64.42,92,75,6.91,moderate rain
71,Channel-Port Aux Basques,CA,47.5702,-59.1367,43.95,97,100,24.58,light rain
72,Bagotville,AU,-28.9833,153.4167,68.63,84,10,5.41,clear sky
73,Victoria,HK,22.2855,114.1577,83.32,87,93,10.0,overcast clouds
74,Saskylakh,RU,71.9167,114.0833,27.0,88,97,6.98,overcast clouds
75,Souillac,MU,-20.5167,57.5167,70.18,88,20,4.61,few clouds
76,Changji,CN,44.0167,87.3167,75.99,35,20,6.71,few clouds
77,Aklavik,CA,68.2191,-135.0107,39.56,60,93,20.36,overcast clouds
78,San Policarpo,PH,12.1791,125.5072,82.71,73,96,6.11,overcast clouds
79,Mount Isa,AU,-20.7333,139.5,67.77,37,4,11.5,clear sky
80,Pevek,RU,69.7008,170.3133,30.38,76,98,11.07,overcast clouds
81,Hermanus,ZA,-34.4187,19.2345,54.81,77,39,4.41,scattered clouds
82,Delijan,IR,33.9905,50.6838,67.5,25,44,3.2,scattered clouds
83,Zhigalovo,RU,54.8097,105.1578,46.26,51,20,7.02,few clouds
84,Ribeira Grande,PT,38.5167,-28.7,64.69,90,100,10.51,light rain
85,Ayr,GB,55.4627,-4.6339,48.51,87,40,5.75,scattered clouds
86,Sitka,US,57.0531,-135.33,62.38,48,70,5.23,broken clouds
87,Petropavlovsk-Kamchatskiy,RU,53.0452,158.6483,59.59,41,0,8.95,clear sky
88,Bereda,ES,43.2686,-7.5406,55.58,96,48,4.7,scattered clouds
89,Bennington,US,42.8781,-73.1968,71.76,86,100,10.58,overcast clouds
90,Kutum,SD,14.2,24.6667,74.08,9,3,8.66,clear sky
91,Camacha,PT,33.0833,-16.3333,62.02,77,40,8.05,scattered clouds
92,Kondopoga,RU,62.2057,34.2614,44.28,88,91,3.4,overcast clouds
93,Rocha,UY,-34.4833,-54.3333,47.17,84,50,6.08,scattered clouds
94,Sungairaya,ID,0.7,108.9,79.16,78,100,4.23,overcast clouds
95,Mayumba,GA,-3.432,10.6554,72.25,93,5,4.36,clear sky
96,Pierre,US,44.3683,-100.351,85.86,34,66,20.0,broken clouds
97,Tahe,CN,52.3333,124.7333,54.82,79,89,6.24,light rain
98,Dharchula,IN,29.85,80.5333,65.34,71,24,4.54,few clouds
99,Wagga Wagga,AU,-35.1167,147.3667,55.81,100,100,8.05,overcast clouds
100,Tuktoyaktuk,CA,69.4541,-133.0374,33.8,75,100,18.41,light snow
101,Koraput,IN,18.8167,82.7167,76.12,47,30,5.91,scattered clouds
102,Baixo Guandu,BR,-19.5189,-41.0158,67.68,96,100,2.51,overcast clouds
103,Arraial Do Cabo,BR,-22.9661,-42.0278,71.56,83,0,9.22,clear sky
104,Clyde River,CA,70.4692,-68.5914,21.43,93,100,12.66,light snow
105,Saint-Philippe,RE,-21.3585,55.7679,67.59,83,13,8.66,light rain
106,Padang,ID,-0.9492,100.3543,73.45,83,93,1.12,overcast clouds
107,Bilibino,RU,68.0546,166.4372,38.16,92,100,0.36,overcast clouds
108,Carutapera,BR,-1.195,-46.02,74.66,94,43,4.79,scattered clouds
109,Balkhash,KZ,46.844,74.9804,70.27,50,81,7.67,light rain
110,Stromness,GB,58.965,-3.296,47.88,87,1,13.0,clear sky
111,Lubyany,RU,56.0378,51.4,48.88,94,98,10.54,overcast clouds
112,Juventino Rosas,MX,20.65,-101.0,83.68,18,7,19.17,clear sky
113,Nikolskoye,RU,59.7035,30.7861,49.71,97,80,2.28,broken clouds
114,Namtsy,RU,62.7161,129.6658,50.52,62,100,8.28,overcast clouds
115,Yar-Sale,RU,66.8333,70.8333,52.03,48,72,10.27,broken clouds
116,Shumskiy,RU,54.8318,99.1328,46.58,67,79,4.38,broken clouds
117,Phalodi,IN,27.1333,72.3667,79.43,78,0,21.7,clear sky
118,Darhan,MN,49.4867,105.9228,54.05,33,100,11.65,overcast clouds
119,Mount Gambier,AU,-37.8333,140.7667,50.67,86,90,7.85,overcast clouds
120,Merzifon,TR,40.8733,35.4631,45.86,93,0,2.3,clear sky
121,Ekangala,ZA,-25.6962,28.7492,54.3,82,0,3.36,clear sky
122,Pachino,IT,36.7186,15.0907,66.18,87,1,6.38,clear sky
123,Faanui,PF,-16.4833,-151.75,80.89,62,2,15.77,clear sky
124,Isangel,VU,-19.55,169.2667,79.59,77,100,11.03,overcast clouds
125,Henties Bay,NA,-22.116,14.2845,54.99,92,39,4.9,scattered clouds
126,Epe,NG,6.5841,3.9834,76.26,90,99,4.12,overcast clouds
127,Hovd,MN,48.0056,91.6419,59.58,59,60,5.79,broken clouds
128,Lorengau,PG,-2.0226,147.2712,83.61,59,100,4.23,overcast clouds
129,Vaini,TO,-21.2,-175.2,82.56,78,75,10.36,broken clouds
130,Avera,US,33.194,-82.5271,80.11,55,47,6.24,scattered clouds
131,Cabras,IT,39.93,8.5314,69.87,74,43,4.0,scattered clouds
132,Antalaha,MG,-14.9003,50.2788,68.77,88,25,6.22,scattered clouds
133,Talnakh,RU,69.4865,88.3972,37.24,98,100,2.53,overcast clouds
134,Tessalit,ML,20.1986,1.0114,93.13,12,85,5.48,overcast clouds
135,Longyearbyen,SJ,78.2186,15.6401,44.44,76,0,3.44,clear sky
136,Kargasok,RU,59.0556,80.8572,55.69,61,98,9.93,overcast clouds
137,Itaituba,BR,-4.2761,-55.9836,79.11,75,100,2.35,overcast clouds
138,Flin Flon,CA,54.7682,-101.865,58.84,44,20,6.91,few clouds
139,Mahon,ES,39.8885,4.2658,72.16,53,0,14.97,clear sky
140,Meppel,NL,52.6958,6.1944,54.95,76,25,1.99,scattered clouds
141,High Level,CA,58.5169,-117.136,69.91,28,75,6.91,broken clouds
142,Saint-Pierre,RE,-21.3393,55.4781,71.91,88,100,12.66,overcast clouds
143,Chino Valley,US,34.7575,-112.4538,91.74,9,42,8.01,scattered clouds
144,East London,ZA,-33.0153,27.9116,59.95,80,3,6.35,clear sky
145,Lhokseumawe,ID,5.1801,97.1507,74.97,65,61,4.54,broken clouds
146,Chuy,UY,-33.6971,-53.4616,56.28,89,100,7.4,overcast clouds
147,Tuatapere,NZ,-46.1333,167.6833,53.49,77,99,5.17,overcast clouds
148,Lata,PT,40.1629,-8.3327,67.08,41,67,4.63,broken clouds
149,Sao Filipe,CV,14.8961,-24.4956,72.48,83,17,4.45,few clouds
150,Lahij,YE,13.1667,44.5833,81.86,44,38,3.29,scattered clouds
151,Alice Springs,AU,-23.7,133.8833,62.15,48,91,8.05,overcast clouds
152,Praia Da Vitoria,PT,38.7333,-27.0667,65.75,94,75,15.35,broken clouds
153,Lazaro Cardenas,MX,17.9583,-102.2,83.07,73,43,9.82,scattered clouds
154,Bull Savanna,JM,17.8868,-77.5902,76.93,76,56,9.75,broken clouds
155,Ancud,CL,-41.8697,-73.8203,41.74,82,42,4.92,scattered clouds
156,Patitirion,GR,39.15,23.8667,71.38,86,82,3.96,broken clouds
157,Severo-Kurilsk,RU,50.6789,156.125,44.85,86,98,2.66,overcast clouds
158,Madingou,CG,-4.1536,13.55,71.06,93,60,2.26,broken clouds
159,Nicoya,CR,10.1483,-85.452,78.84,85,85,2.1,overcast clouds
160,Cumbitara,CO,1.6517,-77.5823,70.92,97,90,2.24,light rain
161,Villa Carlos Paz,AR,-31.4241,-64.4978,52.83,48,30,3.0,scattered clouds
162,Coquimbo,CL,-29.9533,-71.3436,55.13,94,75,9.22,broken clouds
163,Progreso,MX,21.2833,-89.6667,87.12,79,100,14.85,overcast clouds
164,Cabedelo,BR,-6.9811,-34.8339,75.87,89,87,12.82,moderate rain
165,Namibe,AO,-15.1961,12.1522,64.76,85,10,6.06,clear sky
166,Mbandaka,CD,0.0487,18.2603,69.3,97,73,3.27,light rain
167,Hilo,US,19.7297,-155.09,86.29,93,96,10.33,overcast clouds
168,Te Anau,NZ,-45.4167,167.7167,52.75,73,100,6.35,overcast clouds
169,Norman Wells,CA,65.282,-126.8329,48.24,61,75,20.71,broken clouds
170,Pandan,PH,14.0453,124.1694,82.96,79,76,5.59,broken clouds
171,Shagamu,NG,6.8432,3.6478,78.58,92,94,3.02,overcast clouds
172,Yaguachi,EC,-2.1167,-79.6833,80.58,75,95,4.74,overcast clouds
173,Port-Cartier,CA,50.0334,-66.8654,43.02,97,100,20.89,overcast clouds
174,Erenhot,CN,43.6475,111.9767,64.67,42,46,13.76,scattered clouds
175,Fairbanks,US,64.8378,-147.7164,70.61,26,0,8.05,clear sky
176,Nanakuli,US,21.3906,-158.1547,81.77,50,75,10.36,broken clouds
177,Jega,NG,12.2175,4.3792,88.27,43,46,15.79,scattered clouds
178,Bendigo,AU,-36.7667,144.2833,50.65,87,8,4.0,clear sky
179,Bluff,NZ,-46.6,168.3333,52.81,77,94,10.69,overcast clouds
180,Lavrentiya,RU,65.5833,-171.0,39.63,84,91,6.87,overcast clouds
181,Rijssen,NL,52.308,6.5211,53.83,83,11,3.0,few clouds
182,Lozuvatka,UA,48.0571,33.2858,58.73,82,10,13.42,clear sky
183,Karatau,KZ,43.1667,70.4667,59.29,87,89,6.55,overcast clouds
184,Alofi,NU,-19.0595,-169.9187,80.49,83,66,9.22,broken clouds
185,Rizhao,CN,35.4275,119.4553,74.95,38,100,10.42,overcast clouds
186,Klaksvik,FO,62.2266,-6.589,43.72,90,100,24.16,light rain
187,Uyuni,BO,-20.4597,-66.825,40.91,20,2,11.7,clear sky
188,Anadyr,RU,64.75,177.4833,52.3,58,0,4.47,clear sky
189,Yellowknife,CA,62.456,-114.3525,61.32,41,40,10.36,scattered clouds
190,Davenport,US,41.5236,-90.5776,70.61,64,39,1.99,scattered clouds
191,Kasongo-Lunda,CD,-6.4667,16.8167,70.11,83,6,2.37,clear sky
192,Rawson,AR,-43.3002,-65.1023,42.78,59,6,9.91,clear sky
193,Krasnoselkup,RU,65.7,82.4667,55.81,39,100,5.35,overcast clouds
194,Semporna,MY,4.4818,118.6112,79.97,83,100,7.02,overcast clouds
195,Dikson,RU,73.5069,80.5464,22.53,90,10,2.73,clear sky
196,Altagracia De Orituco,VE,9.8601,-66.3814,73.87,69,100,2.53,overcast clouds
197,Kumla,SE,59.1277,15.1434,48.99,87,20,5.75,light rain
198,Suchindram,IN,8.15,77.4833,77.95,85,32,11.45,scattered clouds
199,Waingapu,ID,-9.6567,120.2641,80.6,78,92,8.19,overcast clouds
200,Benghazi,LY,32.1167,20.0667,81.01,31,0,17.78,clear sky
201,Asfi,MA,32.2994,-9.2372,67.82,74,30,3.38,scattered clouds
202,Codrington,AU,-38.2667,141.9667,51.22,78,92,9.86,overcast clouds
203,Ararat,AM,39.8317,44.7049,64.74,57,1,3.06,clear sky
204,Azare,NG,11.6765,10.1948,84.15,38,40,8.7,scattered clouds
205,Vila Velha,BR,-20.3297,-40.2925,69.75,96,100,3.44,overcast clouds
206,Brookhaven,US,31.5791,-90.4407,77.81,72,0,5.3,clear sky
207,Tadine,NC,-21.55,167.8833,70.36,92,100,9.28,overcast clouds
208,Zhigansk,RU,66.7697,123.3711,37.4,61,35,14.18,scattered clouds
209,Rochester,US,43.1548,-77.6156,70.72,84,100,7.09,overcast clouds
210,Mahebourg,MU,-20.4081,57.7,70.09,88,20,4.61,few clouds
211,Whitley Bay,GB,55.0397,-1.4471,49.48,77,75,10.36,broken clouds
212,Saldanha,ZA,-33.0117,17.9442,48.25,88,1,4.74,clear sky
213,Luderitz,NA,-26.6481,15.1594,55.0,87,1,7.43,clear sky
214,Moroto,UG,2.5345,34.6666,63.37,88,97,1.57,light rain
215,Vardo,NO,70.3705,31.1107,40.98,93,100,21.85,overcast clouds
216,Sarapul,RU,56.4763,53.7978,49.98,95,91,9.15,overcast clouds
217,Carnarvon,AU,-24.8667,113.6333,71.1,68,100,7.96,light rain
218,Dombarovskiy,RU,50.7587,59.5386,52.86,72,28,10.56,scattered clouds
219,Fort Morgan,US,40.2503,-103.8,85.42,22,40,27.63,scattered clouds
220,Kaitangata,NZ,-46.2817,169.8464,51.12,65,84,5.79,broken clouds
221,Grand Gaube,MU,-20.0064,57.6608,70.2,79,0,1.99,clear sky
222,Muros,ES,42.7762,-9.0603,67.15,69,76,8.39,broken clouds
223,Talara,PE,-4.5772,-81.2719,65.55,85,65,15.12,broken clouds
224,Atherton,GB,53.5237,-2.4935,51.69,78,77,1.01,broken clouds
225,Bafra,TR,41.5678,35.9069,58.82,71,0,4.03,clear sky
226,San Patricio,US,28.017,-97.5169,95.72,55,0,14.74,clear sky
227,Katobu,ID,-4.9408,122.5276,78.37,86,82,3.76,light rain
228,Tshane,BW,-24.0196,21.8684,59.85,31,0,9.4,clear sky
229,Dongsheng,CN,39.8161,109.9776,69.31,17,0,13.09,clear sky
230,Jiaozuo,CN,35.2397,113.2331,81.84,28,100,8.84,overcast clouds
231,Saint-Ambroise,CA,48.5501,-71.3324,51.62,93,100,14.97,overcast clouds
232,Komsomolskiy,UZ,40.4272,71.7189,65.12,77,40,4.61,scattered clouds
233,Wanning,CN,18.8003,110.3967,82.85,83,86,7.25,overcast clouds
234,Pont-Saint-Esprit,FR,44.2549,4.6474,69.82,59,1,17.81,clear sky
235,Bethel,US,41.3712,-73.414,69.44,91,100,1.01,overcast clouds
236,Vostok,RU,46.4856,135.8833,51.03,91,100,0.45,overcast clouds
237,Saint George,US,37.1041,-113.5841,95.63,10,54,10.0,broken clouds
238,Broken Hill,AU,-31.95,141.4333,55.42,73,49,10.36,scattered clouds
239,Sopo,CO,4.9075,-73.9384,59.02,91,100,3.67,overcast clouds
240,Ati,TD,13.2154,18.3353,84.78,8,1,9.06,clear sky
241,Bambous Virieux,MU,-20.3428,57.7575,70.05,88,20,4.61,few clouds
242,Luwuk,ID,-0.9516,122.7875,80.82,77,99,1.32,overcast clouds
243,Dothan,US,31.2232,-85.3905,82.44,66,47,6.93,scattered clouds
244,Byron Bay,AU,-28.65,153.6167,68.7,82,22,6.89,few clouds
245,Champerico,GT,14.3,-91.9167,84.74,82,100,7.34,overcast clouds
246,Kuvandyk,RU,51.4781,57.3552,50.77,92,93,7.74,overcast clouds
247,Dovolnoye,RU,54.4958,79.6671,57.78,80,100,5.99,overcast clouds
248,Baculin,PH,7.4525,126.5842,82.2,75,100,1.9,overcast clouds
249,Port-Gentil,GA,-0.7193,8.7815,75.16,88,20,4.61,few clouds
250,Punta Alta,AR,-38.8759,-62.0736,46.15,56,98,0.72,overcast clouds
251,Buala,SB,-8.145,159.5921,80.82,81,95,3.15,overcast clouds
252,La Ronge,CA,55.1001,-105.2842,64.65,39,75,11.5,broken clouds
253,San Cristobal,VE,7.7669,-72.225,75.38,98,100,3.42,overcast clouds
254,Ixtapa,MX,20.7,-105.2,82.22,78,9,5.01,clear sky
255,Talcahuano,CL,-36.7167,-73.1167,46.08,81,0,5.75,clear sky
256,Lerwick,GB,60.1545,-1.1494,48.2,73,37,18.72,scattered clouds
257,Mayor Pablo Lagerenza,PY,-19.9309,-60.7718,80.87,47,91,4.88,overcast clouds
258,Hella,NO,67.2,14.4333,46.76,90,75,10.36,broken clouds
259,Huicungo,PE,-7.2833,-76.8,72.37,88,32,1.66,scattered clouds
260,Aitape,PG,-3.1374,142.3475,84.25,69,92,0.47,overcast clouds
261,Mehamn,NO,71.0357,27.8492,39.11,96,100,23.24,overcast clouds
262,Guerrero Negro,MX,27.9769,-114.0611,66.38,66,0,20.42,clear sky
263,Bathsheba,BB,13.2167,-59.5167,81.21,74,40,14.97,scattered clouds
264,Srednekolymsk,RU,67.45,153.6833,44.65,39,17,4.34,few clouds
265,Punganuru,IN,13.3667,78.5833,75.34,70,16,8.34,few clouds
266,Kailua,US,21.4022,-157.7394,81.48,61,50,5.01,scattered clouds
267,Bambari,CF,5.768,20.6757,72.61,87,92,2.51,overcast clouds
268,Arman,RU,59.7,150.1667,50.02,79,86,5.3,overcast clouds
269,Liepaja,LV,56.5419,21.0367,49.98,81,0,13.8,clear sky
270,Kloulklubed,PW,7.0419,134.2556,81.1,75,100,9.42,light rain
271,Araouane,ML,18.9048,-3.5265,93.96,19,78,10.27,broken clouds
272,Portland,US,45.5234,-122.6762,63.23,71,100,3.0,overcast clouds
273,Caravelas,BR,-17.7125,-39.2481,71.26,88,98,5.99,overcast clouds
274,Bollnas,SE,61.3482,16.3946,46.6,91,100,8.32,overcast clouds
275,Santa Rosalia,MX,27.3167,-112.2833,90.54,19,0,10.45,clear sky
276,Dingle,PH,10.9995,122.6711,80.74,81,97,7.23,overcast clouds
277,Takoradi,GH,4.8845,-1.7554,79.29,83,95,5.17,overcast clouds
278,Carauari,BR,-4.8828,-66.8958,78.04,74,87,0.83,overcast clouds
279,Kochi,IN,9.9399,76.2602,75.18,89,66,4.38,broken clouds
280,Isiro,CD,2.7739,27.616,66.27,100,100,3.71,moderate rain
281,Ratanpur,IN,22.3,82.1667,84.69,33,52,1.97,broken clouds
282,Villazon,BO,-22.0866,-65.5942,44.73,13,11,1.48,few clouds
283,Kaset Sombun,TH,16.2805,101.9542,77.65,78,100,4.94,overcast clouds
284,Grindavik,IS,63.8424,-22.4338,49.95,81,40,9.22,scattered clouds
285,Najran,SA,17.4924,44.1277,77.65,18,1,2.3,clear sky
286,Imeni Poliny Osipenko,RU,52.4201,136.4853,44.51,89,100,14.79,light rain
287,Leh,IN,34.1667,77.5833,48.58,51,73,4.03,broken clouds
288,Khipro,PK,25.8285,69.3772,82.0,75,13,24.07,few clouds
289,Charters Towers,AU,-20.1,146.2667,70.57,45,0,7.49,clear sky
290,Kununurra,AU,-15.7667,128.7333,66.18,72,90,0.0,overcast clouds
291,Oparino,RU,59.8518,48.2783,48.06,97,100,7.11,overcast clouds
292,Esperance,AU,-33.8667,121.9,55.45,58,2,11.95,clear sky
293,Turukhansk,RU,65.8167,87.9833,55.69,43,100,3.42,overcast clouds
294,Sistranda,NO,63.7256,8.834,46.36,93,100,21.9,overcast clouds
295,Maceio,BR,-9.6658,-35.7353,80.04,69,75,6.91,broken clouds
296,Verkhnetulomskiy,RU,68.6073,31.7962,39.33,93,98,7.52,overcast clouds
297,Ponyri,RU,52.3186,36.3039,49.93,99,100,6.78,light rain
298,Kodaikanal,IN,10.2333,77.4833,54.43,83,82,3.38,broken clouds
299,Richards Bay,ZA,-28.783,32.0377,66.38,88,25,8.81,scattered clouds
300,Tateyama,JP,34.9833,139.8667,69.51,74,5,3.42,clear sky
301,Boguchany,RU,58.3814,97.4531,49.1,50,3,4.12,clear sky
302,Sehithwa,BW,-20.4667,22.7167,59.2,28,0,6.02,clear sky
303,Troitskoye,RU,52.9821,84.6757,57.06,63,45,4.5,scattered clouds
304,Camabatela,AO,-8.1881,15.375,60.4,92,33,1.54,scattered clouds
305,Punakha,BT,27.5837,89.8598,66.45,90,56,0.92,broken clouds
306,Iwanai,JP,42.9744,140.5089,61.03,84,81,3.38,light rain
307,Primorsk,UA,46.7348,36.3443,60.64,77,45,8.97,scattered clouds
308,Fort-Shevchenko,KZ,44.5086,50.263,60.49,75,7,11.25,clear sky
309,Provideniya,RU,64.3833,-173.3,44.08,71,59,8.77,broken clouds
310,Puerto Baquerizo Moreno,EC,-0.9,-89.6,71.24,82,51,10.47,broken clouds
311,Baykit,RU,61.67,96.37,50.16,53,63,1.32,broken clouds
312,Sturgeon Falls,CA,46.3646,-79.9326,62.89,84,100,8.1,overcast clouds
313,Bengkulu,ID,-3.8004,102.2655,75.58,88,97,7.38,overcast clouds
314,Detva,SK,48.5608,19.4195,49.39,90,89,4.7,overcast clouds
315,Goderich,CA,43.7501,-81.7165,55.72,82,98,9.22,overcast clouds
316,Turbat,PK,26.0023,63.044,83.3,63,0,2.37,clear sky
317,Buinsk,RU,54.95,48.2833,49.96,92,81,15.12,broken clouds
318,Ukiah,US,39.1502,-123.2078,77.43,55,100,7.0,overcast clouds
319,Rognan,NO,67.0953,15.3878,46.76,90,100,6.42,overcast clouds
320,Tambura,SS,5.6,27.4667,70.29,77,89,1.7,overcast clouds
321,Mount Pleasant,US,32.7941,-79.8626,79.09,85,20,12.66,few clouds
322,Buenaventura,CO,3.8801,-77.0312,76.28,94,98,1.57,moderate rain
323,George Town,MY,5.4112,100.3354,80.53,99,20,2.3,few clouds
324,Chabahar,IR,25.2919,60.643,82.69,81,0,9.08,clear sky
325,Ilulissat,GL,69.2167,-51.1,33.82,80,100,6.91,overcast clouds
326,Sri Aman,MY,1.2376,111.4621,76.69,81,99,0.72,overcast clouds
327,Dimona,IL,31.0667,35.0333,66.45,71,84,9.66,broken clouds
328,Diffa,NE,13.3154,12.6113,82.94,14,4,2.42,clear sky
329,Miri,MY,4.4148,114.0089,77.67,81,100,4.27,overcast clouds
330,Kushiro,JP,42.975,144.3747,54.55,100,75,2.3,shower rain
331,Umm Lajj,SA,25.0213,37.2685,82.85,40,0,7.81,clear sky
332,Beyneu,KZ,45.3167,55.2,63.77,45,1,5.37,clear sky
333,Pasni,PK,25.2631,63.471,80.46,92,0,11.97,clear sky
334,Aripuana,BR,-9.1667,-60.6333,78.24,59,50,2.57,scattered clouds
335,Mercedes,AR,-34.6515,-59.4307,51.85,74,50,5.82,scattered clouds
336,Cochrane,CA,51.1834,-114.4687,69.39,35,96,11.88,overcast clouds
337,Raudeberg,NO,61.9875,5.1352,47.07,93,85,23.15,overcast clouds
338,Anshun,CN,26.25,105.9333,62.38,97,100,4.94,moderate rain
339,Mitu,CO,1.1983,-70.1733,72.54,98,97,0.92,light rain
340,Palauig,PH,15.435,119.9045,84.0,73,95,7.92,overcast clouds
341,San Juan,AR,-31.5375,-68.5364,51.22,62,3,6.29,clear sky
342,Zhangye,CN,38.9342,100.4517,70.7,27,38,3.6,scattered clouds
343,Cidreira,BR,-30.1811,-50.2056,63.72,94,100,4.41,light rain
344,Port Macquarie,AU,-31.4333,152.9167,65.89,72,32,3.04,scattered clouds
345,Groa,NO,62.65,8.7167,45.07,99,100,6.35,light rain
346,Bolshaya Martynovka,RU,47.271,41.6679,55.63,81,17,8.05,few clouds
347,Manacapuru,BR,-3.2997,-60.6206,78.71,83,97,3.51,heavy intensity rain
348,Hirara,JP,24.8,125.2833,79.95,88,100,23.73,heavy intensity rain
349,Tucuman,AR,-26.8241,-65.2226,56.84,81,83,2.51,broken clouds
350,Husavik,IS,66.0449,-17.3389,38.52,82,27,5.77,scattered clouds
351,Hendersonville,US,36.3048,-86.62,69.78,75,64,3.0,broken clouds
352,Korla,CN,41.7597,86.1469,72.32,40,65,7.49,broken clouds
353,Safaga,EG,26.7292,33.9365,80.91,43,0,10.67,clear sky
354,Rosarito,MX,32.3333,-117.0333,74.25,66,20,10.69,few clouds
355,Puerto Madero,MX,14.7208,-92.4215,77.49,81,100,3.87,overcast clouds
356,Jalu,LY,29.0331,21.5482,83.84,15,0,9.93,clear sky
357,Piopio,NZ,-38.4667,175.0167,56.97,53,0,2.06,clear sky
358,Bira,RU,49.0,132.4667,60.78,78,74,4.12,broken clouds
359,Conakry,GN,9.538,-13.6773,80.67,89,75,6.91,broken clouds
360,Russell,US,32.3502,-85.1999,79.12,61,24,7.76,few clouds
361,Dongargaon,IN,20.9667,80.85,83.25,29,7,9.51,clear sky
362,Kudahuvadhoo,MV,2.6708,72.8944,83.41,72,24,13.53,few clouds
363,Abiramam,IN,9.4667,78.45,82.98,62,61,8.43,broken clouds
364,Turek,PL,52.0155,18.5005,46.62,79,22,14.03,few clouds
365,Bonanza,NI,14.0289,-84.591,74.07,97,85,2.64,overcast clouds
366,Cockburn Town,TC,21.4612,-71.1419,80.19,75,5,20.69,clear sky
367,Beira,MZ,-19.8436,34.8389,71.15,77,1,5.1,clear sky
368,Cayenne,GF,4.9333,-52.3333,82.09,7,0,3.44,clear sky
369,Tibu,CO,8.639,-72.7358,75.54,88,100,1.39,overcast clouds
370,Sahiwal,PK,30.6667,73.1,88.36,31,1,5.28,clear sky
371,Touros,BR,-5.1989,-35.4608,76.64,91,99,11.81,overcast clouds
372,Road Town,VG,18.4167,-64.6167,80.33,73,70,15.64,broken clouds
373,Salalah,OM,17.0151,54.0924,79.48,86,10,3.31,clear sky
374,Sao Goncalo,BR,-22.8156,-43.0411,74.35,94,78,4.83,broken clouds
375,Almaznyy,RU,48.0448,40.045,58.37,87,75,10.65,broken clouds
376,Minatitlan,MX,17.9833,-94.5167,83.46,66,100,12.06,overcast clouds
377,Kampong Thum,KH,12.7111,104.8887,75.43,94,100,4.81,overcast clouds
378,Shiraz,IR,29.6036,52.5388,63.88,9,0,5.95,clear sky
379,Warrnambool,AU,-38.3833,142.4833,50.81,78,75,9.4,broken clouds
380,Rossland,CA,49.0831,-117.8022,54.72,71,100,3.0,overcast clouds
381,Seguela,CI,7.9611,-6.6731,72.03,88,44,2.19,scattered clouds
382,Shush,IR,32.1942,48.2436,80.22,12,0,8.61,clear sky
383,Tura,IN,25.5198,90.2201,70.03,90,5,3.91,clear sky
384,Cherskiy,RU,68.75,161.3,39.16,47,48,12.3,scattered clouds
385,Sterlibashevo,RU,53.4376,55.2578,50.16,94,57,11.63,moderate rain
386,Oranjemund,NA,-28.55,16.4333,54.0,91,0,1.21,clear sky
387,Nizhniy Odes,RU,63.6445,54.856,45.25,79,100,5.55,overcast clouds
388,Chhagalnaiya,BD,23.03,91.5069,77.38,95,28,6.04,scattered clouds
389,Hit,IQ,33.6416,42.8251,80.11,16,0,7.56,clear sky
390,Laguna,US,38.421,-121.4238,82.11,49,0,16.11,clear sky
391,San Carlos De Bariloche,AR,-41.1456,-71.3082,28.15,80,4,5.75,clear sky
392,Sarakhs,IR,36.5449,61.1577,64.22,44,1,4.41,clear sky
393,Ahipara,NZ,-35.1667,173.1667,63.95,63,44,11.72,scattered clouds
394,Lins,BR,-21.6786,-49.7425,68.63,49,96,5.86,overcast clouds
395,Altay,CN,47.8667,88.1167,67.37,52,0,3.87,clear sky
396,Zeya,RU,53.75,127.2667,60.06,64,67,14.32,broken clouds
397,Shingu,JP,33.7333,135.9833,75.31,49,42,8.55,scattered clouds
398,Kavieng,PG,-2.5744,150.7967,83.37,60,99,1.28,overcast clouds
399,Jiuquan,CN,39.7432,98.5174,70.25,34,73,2.33,broken clouds
400,Teya,RU,60.3778,92.6267,49.68,50,9,2.28,clear sky
401,Pisco,PE,-13.7,-76.2167,63.01,85,28,5.77,scattered clouds
402,Vanimo,PG,-2.6741,141.3028,83.97,68,93,3.02,overcast clouds
403,Castro,BR,-24.7911,-50.0119,56.01,84,72,3.87,broken clouds
404,Gushi,CN,34.6425,109.5843,74.7,41,94,3.6,overcast clouds
405,Asosa,ET,10.0667,34.5333,62.96,74,14,4.05,few clouds
406,Bethanien,NA,-26.502,17.1583,58.17,27,0,3.33,clear sky
407,Chernyshevskiy,RU,63.0128,112.4714,43.7,42,7,7.11,clear sky
408,Shimoda,JP,34.6667,138.95,72.34,59,0,17.38,clear sky
409,Kalabo,ZM,-14.97,22.6814,55.87,52,0,4.43,clear sky
410,Saint-Avold,FR,49.1027,6.7006,54.61,78,62,4.5,broken clouds
411,Egvekinot,RU,66.3167,-179.1667,39.9,68,84,5.1,broken clouds
412,Sisimiut,GL,66.9395,-53.6735,28.56,73,94,6.55,overcast clouds
413,Natal,BR,-5.795,-35.2094,75.58,93,96,9.46,light rain
414,Calabozo,VE,8.9242,-67.4293,75.81,81,100,3.33,overcast clouds
415,Noumea,NC,-22.2763,166.4572,79.0,99,79,4.29,broken clouds
416,San Matias,BO,-16.3667,-58.4,77.38,40,11,5.44,few clouds
417,Basco,PH,20.4487,121.9702,83.39,82,78,13.0,broken clouds
418,Leningradskaya,RU,46.3214,39.3877,54.23,84,22,8.19,few clouds
419,Andenes,NO,69.3143,16.1194,44.58,93,100,23.02,overcast clouds
420,Palmer,US,42.1584,-72.3287,72.39,81,100,12.66,overcast clouds
421,Saint-Michel-Des-Saints,CA,46.6834,-73.9159,64.94,97,100,5.57,overcast clouds
422,Dubbo,AU,-32.25,148.6167,57.33,94,100,4.61,overcast clouds
423,Qom,IR,34.6401,50.8764,70.34,29,15,7.36,few clouds
424,Cabo San Lucas,MX,22.8909,-109.9124,91.62,37,0,2.3,clear sky
425,Harqalah,TN,36.0303,10.509,69.66,73,40,3.44,scattered clouds
426,Constitucion,CL,-35.3333,-72.4167,49.73,65,100,6.64,overcast clouds
427,Macheng,CN,31.1783,115.0319,68.4,90,100,2.59,overcast clouds
428,Tortoli,IT,39.9256,9.6572,66.88,79,38,7.07,scattered clouds
429,Esmeraldas,BR,-19.7625,-44.3139,58.95,54,95,4.56,overcast clouds
430,Douentza,ML,14.9951,-2.9517,94.71,23,33,3.15,scattered clouds
431,Clarence Town,AU,-32.5833,151.7833,61.99,80,88,3.98,overcast clouds
432,Muravlenko,RU,63.7898,74.523,56.66,51,13,13.31,few clouds
433,Port Lincoln,AU,-34.7333,135.8667,60.19,72,36,13.44,light rain
434,Kruszwica,PL,52.6756,18.3313,47.14,100,24,16.15,few clouds
435,Izhmorskiy,RU,56.194,86.6414,50.49,73,17,10.04,few clouds
436,Fuerte Olimpo,PY,-21.0415,-57.8738,78.01,46,32,5.08,scattered clouds
437,Kerema,PG,-7.9631,145.7785,80.91,75,88,3.22,overcast clouds
438,Racconigi,IT,44.7698,7.6789,72.01,78,10,2.51,clear sky
439,Valparaiso,CL,-33.0393,-71.6273,54.48,77,75,0.0,broken clouds
440,Leningradskiy,RU,69.3833,178.4167,32.09,97,100,3.8,light snow
441,Bria,CF,6.5423,21.9863,68.72,96,64,1.05,broken clouds
442,Malanje,AO,-9.5402,16.341,59.9,55,0,2.64,clear sky
443,Montepuez,MZ,-13.1256,38.9997,62.71,92,5,7.58,clear sky
444,Kampene,CD,-3.6,26.6667,67.78,99,100,2.73,light rain
445,Krasnoarmeysk,RU,51.0239,45.6969,49.01,85,95,9.15,overcast clouds
446,Qena,EG,26.1615,32.7183,83.39,21,0,7.45,clear sky
447,Chenzhou,CN,25.8,113.0333,72.73,98,100,1.28,moderate rain
448,Agutaya,PH,11.148,120.9417,82.29,80,99,15.88,moderate rain
449,Saint Anthony,US,45.0205,-93.218,76.53,47,0,9.22,clear sky
450,Mundo Nuevo,MX,18.7,-95.5,83.23,73,100,13.15,overcast clouds
451,Yenagoa,NG,4.9247,6.2642,72.14,93,85,2.71,overcast clouds
452,Balabac,PH,7.9868,117.0645,82.22,76,100,18.01,light rain
453,Ketchikan,US,55.3422,-131.6461,52.27,93,100,11.5,light rain
454,Chicama,PE,-7.8447,-79.1469,61.34,78,35,7.25,scattered clouds
455,Coffs Harbour,AU,-30.3,153.1333,66.16,77,7,2.3,clear sky
456,Ginir,ET,7.1333,40.7,55.81,87,85,4.59,light rain
457,Toamasina,MG,-18.1667,49.3833,71.78,88,48,12.59,light rain
458,Flinders,AU,-34.5833,150.8552,60.19,94,95,4.0,overcast clouds
459,Tres Lagoas,BR,-20.7511,-51.6783,71.22,47,90,5.64,overcast clouds
460,Iqaluit,CA,63.7506,-68.5145,25.7,92,99,8.99,overcast clouds
461,Burdur,TR,37.7203,30.2908,56.1,82,0,1.14,clear sky
462,Bubaque,GW,11.2833,-15.8333,80.46,79,53,6.76,moderate rain
463,Cururupu,BR,-1.8283,-44.8683,73.17,96,14,2.39,few clouds
464,Kavaratti,IN,10.5669,72.642,82.15,76,100,6.6,overcast clouds
465,Lotofaga,WS,-13.9764,-171.8578,85.78,77,30,20.38,scattered clouds
466,Houston,US,29.7633,-95.3633,96.31,39,0,12.66,clear sky
467,Bowen,AU,-20.0167,148.2333,73.87,59,5,3.13,clear sky
468,Goure,NE,13.9835,10.2704,81.75,13,4,1.19,clear sky
469,Piedras Negras,MX,28.7,-100.5167,99.27,36,0,11.54,clear sky
470,Great Falls,US,47.5002,-111.3008,70.99,32,0,23.02,clear sky
471,Pangnirtung,CA,66.1451,-65.7125,19.76,93,77,3.06,broken clouds
472,Gamba,GA,-2.65,10.0,71.78,94,10,4.32,clear sky
473,San Quintin,MX,30.4833,-115.95,65.08,68,2,16.4,clear sky
474,Medvedka,RU,61.1629,46.387,48.72,97,100,8.08,overcast clouds
475,Labytnangi,RU,66.6572,66.4183,56.88,53,14,11.61,few clouds
476,Namatanai,PG,-3.6667,152.4333,83.59,69,100,5.93,overcast clouds
477,Shitanjing,CN,39.2342,106.3439,74.07,18,99,9.26,overcast clouds
478,Tromso,NO,69.6496,18.957,42.82,81,75,17.27,broken clouds
479,Anito,PH,12.4497,125.2886,83.52,71,81,5.01,moderate rain
480,Pushkar,IN,26.5,74.55,79.0,68,0,21.59,clear sky
481,Mildura,AU,-34.2,142.15,53.08,95,54,5.86,broken clouds
482,Venice,US,27.0998,-82.4543,82.99,79,100,8.05,overcast clouds
483,Erzincan,TR,39.75,39.5,51.1,82,0,1.14,clear sky
484,Vila Franca Do Campo,PT,37.7167,-25.4333,68.2,90,100,5.75,overcast clouds
485,Umea,SE,63.8284,20.2597,46.33,100,75,6.91,light rain
486,Hrubieszow,PL,50.805,23.8925,47.07,96,79,11.34,broken clouds
487,Yingkou,CN,40.6648,122.2283,71.98,41,100,24.4,overcast clouds
488,Burns Lake,CA,54.2331,-125.7533,46.29,85,100,4.32,overcast clouds
489,Cuenca,EC,-2.8833,-78.9833,51.04,94,92,2.04,overcast clouds
490,Yala,TH,6.3333,101.25,76.68,89,100,3.13,overcast clouds
491,Manta,EC,-0.95,-80.7333,72.93,86,74,11.45,broken clouds
492,Broome,US,42.2506,-75.833,69.89,84,20,11.99,few clouds
493,Tiksi,RU,71.6872,128.8694,31.12,86,100,6.49,overcast clouds
494,Plerin,FR,48.5425,-2.7798,50.2,94,0,6.91,clear sky
495,Rokytne,UA,51.2796,27.214,46.76,96,86,11.03,overcast clouds
496,Bambanglipuro,ID,-7.95,110.2833,77.31,83,87,2.98,overcast clouds
497,Muhlhausen,DE,51.2167,10.45,50.23,79,2,13.73,clear sky
498,Port Hardy,CA,50.6996,-127.4199,48.72,91,100,12.12,light rain
499,Sinnamary,GF,5.3833,-52.95,78.15,84,49,9.28,scattered clouds
500,Bastia,FR,42.6667,9.3333,76.3,51,0,3.44,clear sky
501,Lompoc,US,34.6391,-120.4579,71.74,67,0,14.97,clear sky
502,Minot,US,48.2325,-101.2963,68.22,56,75,4.61,broken clouds
503,Saint-Joseph,RE,-21.3667,55.6167,66.58,83,29,7.11,light rain
504,Marawi,PH,7.9986,124.2928,74.3,85,96,4.25,overcast clouds
505,Namie,JP,37.4833,141.0,72.99,43,7,1.99,clear sky
506,Nelson Bay,AU,-32.7167,152.15,62.11,93,74,1.99,broken clouds
507,Kez,RU,57.8979,53.7152,50.18,96,100,7.45,overcast clouds
508,Saint-Augustin,CA,51.226,-58.6502,43.72,60,99,9.46,overcast clouds
509,Urumqi,CN,43.801,87.6005,72.55,35,20,6.71,few clouds
510,Port Keats,AU,-14.25,129.55,78.57,38,15,9.26,few clouds
511,Khandbari,NP,27.3747,87.2039,70.97,67,81,1.07,broken clouds
512,Atraulia,IN,26.3333,82.95,87.8,32,27,1.34,scattered clouds
513,Lac Du Bonnet,CA,50.2536,-96.0612,67.78,52,25,6.42,scattered clouds
514,Namsos,NO,64.4662,11.4957,46.54,97,100,13.8,light rain
515,Vanavara,RU,60.34,102.2797,44.76,44,8,4.54,clear sky
516,Zhukovka,RU,53.534,33.728,52.07,96,100,10.16,overcast clouds
517,Tumut,AU,-35.3,148.2167,53.85,94,98,2.24,overcast clouds
518,Constantine,DZ,36.365,6.6147,60.21,67,75,12.66,broken clouds
519,Auki,SB,-8.7676,160.7034,78.71,85,99,1.34,overcast clouds
520,Livingstone,ZM,-17.8419,25.8543,57.25,49,0,3.89,clear sky
521,Barabai,ID,-2.5833,115.3833,76.44,90,94,0.81,overcast clouds
522,Sambava,MG,-14.2667,50.1667,69.89,89,56,8.37,broken clouds
523,Przeworsk,PL,50.0591,22.4941,51.93,92,79,9.84,broken clouds
524,Evensk,RU,61.95,159.2333,38.7,97,100,1.12,light rain
525,Dunedin,NZ,-45.8742,170.5036,56.8,50,73,2.04,broken clouds
526,Arlit,NE,18.7369,7.3853,91.33,10,38,7.56,scattered clouds
527,Vestmannaeyjar,IS,63.4427,-20.2734,48.22,87,74,16.28,broken clouds
528,Coahuayana,MX,18.7333,-103.6833,84.07,67,15,6.31,few clouds
529,Mongo,TD,12.1844,18.693,86.68,9,2,4.76,clear sky
530,Paamiut,GL,61.994,-49.6678,32.54,89,78,24.23,broken clouds
531,Arroyo,ES,41.6096,-4.7969,59.07,67,0,9.22,clear sky
532,Yanji,CN,42.9075,129.5078,62.55,70,79,1.3,broken clouds
533,Yavas,RU,54.4159,42.8491,46.04,97,52,6.87,broken clouds
534,Naujamiestis,LT,55.6869,24.1523,43.02,93,50,12.55,scattered clouds
535,Agadez,NE,19.75,10.25,88.79,12,4,8.63,clear sky
536,Sao Joao Da Barra,BR,-21.6403,-41.0511,71.96,82,89,12.57,overcast clouds
537,Quatre Cocos,MU,-20.2078,57.7625,69.1,81,4,7.63,clear sky
538,Akdepe,TM,42.0551,59.3788,63.01,46,7,7.54,clear sky
539,Lianran,CN,24.9227,102.485,65.41,88,47,2.39,scattered clouds
540,Katsuura,JP,35.1333,140.3,70.36,71,9,11.36,clear sky
541,Hvolsvollur,IS,63.7533,-20.2243,45.68,86,51,2.35,broken clouds
542,Lucapa,AO,-8.4192,20.7447,63.36,45,0,3.89,clear sky
543,Dutlwe,BW,-23.9833,23.9,59.34,46,0,9.55,clear sky
544,Luxor,EG,25.6989,32.6421,82.33,22,0,6.91,clear sky
545,Bardiyah,LY,31.7561,25.0865,74.66,44,0,2.17,clear sky
546,Esso,RU,55.9333,158.7,38.5,97,81,2.77,broken clouds
547,Zhuanghe,CN,39.7008,122.9911,67.15,64,99,6.78,overcast clouds
548,Hambantota,LK,6.1241,81.1185,78.73,84,67,16.44,broken clouds
549,Kathmandu,NP,27.7167,85.3167,66.42,94,75,2.3,mist
550,Kamenka,RU,51.3223,42.7678,48.87,86,60,10.69,broken clouds
551,Kupang,ID,-10.1667,123.5833,81.05,70,20,8.57,few clouds
552,Bud,US,39.447,-86.1758,66.15,92,100,13.67,overcast clouds
553,Dumabato,PH,16.3167,121.7,81.41,75,76,1.32,broken clouds
554,Umm Kaddadah,SD,13.6017,26.6876,78.33,9,6,11.23,clear sky
555,Inuvik,CA,68.3499,-133.7218,40.5,60,96,18.37,overcast clouds
556,Praia,CV,14.9215,-23.5087,71.8,82,9,10.76,clear sky
557,Susanville,US,40.4163,-120.653,69.64,31,0,15.01,clear sky
558,Klyuchi,RU,52.2667,79.1667,64.04,62,87,12.19,overcast clouds
559,Baghdogra,IN,26.7,88.3167,72.64,83,22,5.57,few clouds
560,Bonavista,CA,48.6499,-53.1147,40.96,78,100,14.25,overcast clouds
561,Pittsburg,US,38.028,-121.8847,77.25,50,0,11.5,clear sky
562,Ishigaki,JP,24.3448,124.1572,80.42,88,100,24.54,overcast clouds
563,Narsaq,GL,60.9167,-46.05,50.22,53,100,7.99,overcast clouds
564,Kojetin,CZ,49.3518,17.3021,55.36,88,93,3.91,overcast clouds
565,Xiaoweizhai,CN,26.1903,107.5125,65.62,99,100,1.1,overcast clouds
566,Luanda,AO,-8.8368,13.2343,70.11,87,28,5.91,scattered clouds
567,Maragogi,BR,-9.0122,-35.2225,75.49,88,47,11.56,light rain
568,Ibicarai,BR,-14.865,-39.5875,64.81,97,34,0.43,scattered clouds
569,Seoul,KR,37.5683,126.9778,67.39,55,51,6.58,broken clouds
570,Aquiraz,BR,-3.9014,-38.3911,76.17,84,29,7.23,scattered clouds
571,Sarahan,IN,31.5167,77.8,56.01,71,6,4.5,clear sky
572,Olafsvik,IS,64.8945,-23.7142,47.91,70,32,8.88,scattered clouds
573,Kirakira,SB,-10.4544,161.9205,81.54,76,89,4.07,overcast clouds
574,Monrovia,LR,6.3005,-10.7969,78.91,85,100,5.82,overcast clouds
575,Fortuna,US,40.5982,-124.1573,59.94,86,100,8.05,overcast clouds
576,Margate,GB,51.3813,1.3862,54.88,63,20,8.01,few clouds
577,Kakegawa,JP,34.7667,138.0167,75.7,59,0,16.49,clear sky
578,Agirish,RU,61.9247,63.0231,45.97,98,100,4.92,light rain
579,Honiara,SB,-9.4333,159.95,84.2,68,76,3.8,moderate rain
580,North Salt Lake,US,40.8486,-111.9069,85.75,27,75,13.8,broken clouds
581,Sao Felix Do Xingu,BR,-6.6447,-51.995,73.29,84,39,2.1,scattered clouds
582,Saint-Paul-Les-Dax,FR,43.7272,-1.0516,59.79,94,2,1.14,clear sky
583,Cloquet,US,46.7216,-92.4594,76.39,35,26,8.05,scattered clouds
584,Manjacaze,MZ,-24.7117,33.8828,62.87,96,0,5.03,clear sky
585,Neyshabur,IR,36.2133,58.7958,57.4,57,1,2.55,clear sky
586,Pundaguitan,PH,6.3711,126.1689,81.93,76,82,8.93,light rain
587,Udachnyy,RU,66.4167,112.4,37.76,61,95,5.68,overcast clouds
588,Kieta,PG,-6.2167,155.6333,85.01,67,57,4.94,broken clouds
589,Agadir,MA,30.4202,-9.5982,66.65,72,80,1.97,broken clouds
590,Manggar,ID,-2.8833,108.2667,82.51,77,71,5.88,broken clouds
591,Am Timan,TD,11.0297,20.2827,89.15,31,41,4.76,scattered clouds
592,San Pedro De Macoris,DO,18.4616,-69.2972,77.95,82,97,8.55,overcast clouds
593,Berlevag,NO,70.8578,29.0864,39.15,100,100,27.63,overcast clouds
594,Zheshart,RU,62.0731,49.5733,48.38,88,100,8.97,light rain
595,Havoysund,NO,70.9963,24.6622,41.23,92,100,24.11,overcast clouds
596,Reconquista,AR,-29.15,-59.65,59.4,95,99,5.86,overcast clouds
597,Passau,DE,48.5712,13.449,56.57,84,90,5.14,overcast clouds
598,Kiruna,SE,67.8557,20.2251,40.12,81,100,13.8,drizzle
599,Moundsville,US,39.9203,-80.7431,66.15,98,89,3.42,overcast clouds
600,Pryazha,RU,61.6926,33.6216,40.24,95,96,3.78,overcast clouds
601,Axim,GH,4.8699,-2.2405,78.93,85,82,3.56,light rain
602,Belyy Yar,RU,53.6039,91.3903,53.85,56,0,4.47,clear sky
603,Jinka,ET,5.65,36.65,59.67,95,96,2.77,moderate rain
604,Chapais,CA,49.7834,-74.8492,55.18,98,100,3.96,overcast clouds
605,Zhaotong,CN,27.3167,103.7167,55.09,96,100,3.49,overcast clouds
606,Waddan,LY,29.1614,16.139,84.18,13,8,4.14,clear sky
607,Xai-Xai,MZ,-25.0519,33.6442,65.17,92,10,6.35,clear sky
608,Yulara,AU,-25.2406,130.9889,61.97,50,71,10.49,broken clouds
609,Crotone,IT,39.0851,17.1178,67.41,66,97,4.32,overcast clouds
610,La Asuncion,VE,11.0333,-63.8628,77.31,88,100,10.87,overcast clouds
611,Lota,CL,-37.0833,-73.1667,45.86,75,98,4.09,overcast clouds
612,Dalvik,IS,65.9702,-18.5286,41.09,82,56,6.08,broken clouds
613,Dali,CN,25.7,100.1833,64.24,84,34,4.63,scattered clouds
614,Fenoarivo,MG,-18.933,47.4354,60.87,88,75,6.91,broken clouds
615,Osoyoos,CA,49.0331,-119.4524,69.04,34,100,8.28,overcast clouds
616,Tuy Hoa,VN,13.0833,109.3,80.15,72,100,15.32,overcast clouds
617,Vero Beach,US,27.6386,-80.3973,85.03,75,0,12.66,clear sky
618,Denpasar,ID,-8.65,115.2167,78.46,94,20,2.3,few clouds
619,Pacific Grove,US,36.6177,-121.9166,69.24,69,0,11.5,clear sky
620,Iquitos,PE,-3.7481,-73.2472,77.04,94,75,3.44,broken clouds
621,Severobaykalsk,RU,55.65,109.3167,40.51,59,7,9.64,clear sky
622,Vicksburg,US,32.3526,-90.8779,78.53,53,0,6.91,clear sky
623,Onega,RU,63.9061,38.1404,48.31,79,78,9.28,broken clouds
624,Shahrud,IR,36.4182,54.9763,54.81,42,0,7.4,clear sky
625,Stokmarknes,NO,68.5646,14.9108,44.58,87,100,4.61,overcast clouds
626,Rio Cuarto,AR,-33.1307,-64.3499,49.77,76,96,0.0,overcast clouds
627,Matagami,CA,49.7502,-77.6328,51.91,87,100,8.05,overcast clouds
628,Tommot,RU,58.9564,126.2925,46.6,84,100,7.7,overcast clouds
629,Atar,MR,20.5169,-13.0499,84.67,47,87,14.74,light rain
630,Passi,PH,11.15,122.65,78.62,81,100,5.39,overcast clouds
631,Razole,IN,16.4833,81.8333,83.26,77,6,6.69,clear sky
632,Boa Vista,BR,2.8197,-60.6733,77.9,82,96,3.69,overcast clouds
633,Guilin,CN,25.2819,110.2864,72.1,94,100,0.38,overcast clouds
634,At-Bashi,KG,41.1702,75.8106,55.27,64,100,3.24,overcast clouds
635,Bayburt,TR,40.2589,40.2278,47.5,87,6,1.7,clear sky
636,Bang Len,TH,14.0219,100.1718,84.97,79,97,6.73,overcast clouds
637,Ust-Uda,RU,54.1742,103.0304,47.39,51,11,9.1,few clouds
638,Senador Jose Porfirio,BR,-2.5908,-51.9542,74.88,91,78,2.21,broken clouds
639,Qaqortoq,GL,60.7167,-46.0333,43.25,60,100,2.48,overcast clouds
640,Meadow Lake,US,34.8014,-106.5436,87.3,12,30,2.3,scattered clouds
641,Visby,SE,57.6409,18.296,48.81,81,100,10.36,overcast clouds
642,Todos Santos,MX,23.45,-110.2167,75.94,57,2,7.52,clear sky
643,Taltal,CL,-25.4,-70.4833,59.63,80,56,4.85,broken clouds
644,Ahuimanu,US,21.4447,-157.8378,82.11,59,100,16.11,overcast clouds
645,Kangaatsiaq,GL,68.3065,-53.4641,29.08,77,97,11.27,overcast clouds
646,Campo De Criptana,ES,39.4046,-3.1249,65.75,45,2,12.01,clear sky
647,Urusha,RU,54.05,122.9,46.27,94,100,2.95,overcast clouds
648,Oktyabrskoye,RU,43.0645,44.7417,44.74,93,32,6.71,scattered clouds
649,Port Pirie,AU,-33.1833,138.0167,57.79,73,3,6.6,clear sky
650,Abaza,RU,52.655,90.0928,53.64,60,10,2.8,clear sky
651,Haapiti,PF,-17.5667,-149.8667,83.93,64,1,13.65,clear sky
652,Nikolayevsk-Na-Amure,RU,53.1406,140.73,44.69,89,100,5.79,overcast clouds
653,Luau,AO,-10.7073,22.2247,57.74,48,0,4.72,clear sky
654,Maniitsoq,GL,65.4167,-52.9,28.49,79,94,6.71,overcast clouds
655,Murmashi,RU,68.8154,32.8115,39.61,93,75,11.18,broken clouds
656,Vitim,RU,59.4511,112.5578,44.38,51,97,8.19,overcast clouds
657,Sao Miguel Do Araguaia,BR,-13.275,-50.1628,74.26,53,90,3.18,overcast clouds
658,Mecca,SA,21.4267,39.8261,85.17,21,1,2.42,clear sky
659,Noyabrsk,RU,63.1994,75.4507,57.7,48,0,14.41,clear sky
660,Zhezkazgan,KZ,47.8043,67.7144,59.47,49,100,13.96,moderate rain
661,Matveyevka,RU,52.15,56.1833,50.31,92,80,12.39,broken clouds
662,San Antonio,US,29.4241,-98.4936,98.06,34,0,9.22,clear sky
663,Khandyga,RU,62.6667,135.6,52.57,52,94,4.38,overcast clouds
664,Los Llanos De Aridane,ES,28.6585,-17.9182,60.55,81,0,5.99,clear sky
665,Ratnagiri,IN,16.9833,73.3,81.64,75,7,5.48,clear sky
666,Kyren,RU,51.6828,102.1408,42.98,90,100,3.38,overcast clouds
667,Kirkuk,IQ,35.4681,44.3922,75.74,20,0,4.05,clear sky
668,Anchorage,US,61.2181,-149.9003,74.28,42,0,15.01,clear sky
669,Mareeba,AU,-17.0,145.4333,72.48,68,16,1.81,few clouds
670,Sinnar,SD,13.5691,33.5672,88.03,11,8,7.07,clear sky
671,Buritis,BR,-15.6178,-46.4233,64.99,54,92,2.51,overcast clouds
672,Trinidad,BO,-14.8333,-64.9,75.09,78,2,3.27,clear sky
673,Westerland,DE,54.9079,8.3033,50.02,81,75,24.16,broken clouds
674,Olinda,BR,-8.0089,-34.8553,76.75,88,65,14.14,light rain
675,Bauchi,NG,10.5,10.0,79.77,57,55,4.72,broken clouds
676,Groningen,NL,53.25,6.75,53.22,78,40,11.5,scattered clouds
677,Batagay-Alyta,RU,67.8006,130.4114,28.69,75,24,1.14,few clouds
678,Aginskoye,RU,51.1,114.53,49.39,36,11,16.75,few clouds
679,Kidderminster,GB,52.3882,-2.25,50.68,85,54,4.34,broken clouds
680,Coolum Beach,AU,-26.5333,153.1,72.34,81,19,6.73,few clouds
